{"sections":{"a1e0d413-323a-4596-afe5-0bba36461fc9":{"type":"dynamic-search","settings":{"title":"","text":"","placeholder":"Vintage Pokémon Cards","filter_search_by":"tag","enable_live_search":true,"enable_live_search_images":true,"enable_live_search_articles_pages":true,"image":"shopify:\/\/shop_images\/C51414B4-9A4A-4A13-B202-77EB893A6316.png","position":"center-center","show-overlay":false,"color":"#ffffff","background":"#000000","opacity":50}},"static-recently-viewed":{"type":"static-recently-viewed","settings":{"enable_recently_viewed_products":true}},"1ff844b9-825d-4fc4-992e-59fa3d8a6ae7":{"type":"dynamic-featured-collection","settings":{"title":"1999 Wizards of The Coast","layout":"grid","collection":"1999-wotc-cards","product_count":5,"cta_label":"1999 WoTC","cta_button_style":"secondary"}},"c0a5de3d-0ebb-4910-bdb9-a7e00b69c15c":{"type":"dynamic-featured-product","blocks":{"template--16182186475751__c0a5de3d-0ebb-4910-bdb9-a7e00b69c15c-166541233486ee7591-0":{"type":"title","settings":{}},"template--16182186475751__c0a5de3d-0ebb-4910-bdb9-a7e00b69c15c-166541233486ee7591-1":{"type":"price","settings":{}},"template--16182186475751__c0a5de3d-0ebb-4910-bdb9-a7e00b69c15c-166541233486ee7591-2":{"type":"view-product-link","settings":{"text":"Buy"}}},"block_order":["template--16182186475751__c0a5de3d-0ebb-4910-bdb9-a7e00b69c15c-166541233486ee7591-0","template--16182186475751__c0a5de3d-0ebb-4910-bdb9-a7e00b69c15c-166541233486ee7591-1","template--16182186475751__c0a5de3d-0ebb-4910-bdb9-a7e00b69c15c-166541233486ee7591-2"],"settings":{"product":"electrode-18-64-non-holo-1999","gallery_aspect_ratio":"natural","gallery_image_crop":false,"gallery_thumbnail_position":"below","gallery_video_autoplay":true,"gallery_video_looping":true,"gallery_hover_zoom":"disabled"}},"dc1d1889-931a-4fba-9b15-02f7db83231a":{"type":"dynamic-featured-collection","settings":{"title":"2005 Ex Delta Species","layout":"grid","collection":"2005-6-ex-delta-species","product_count":5,"cta_label":"Shop collection","cta_button_style":"secondary"}},"66e28412-4364-46bd-96f8-a37e19b5c0a6":{"type":"dynamic-featured-product","blocks":{"template--16182186475751__66e28412-4364-46bd-96f8-a37e19b5c0a6-166541233486ee7591-0":{"type":"title","settings":{}},"template--16182186475751__66e28412-4364-46bd-96f8-a37e19b5c0a6-166541233486ee7591-1":{"type":"price","settings":{}},"template--16182186475751__66e28412-4364-46bd-96f8-a37e19b5c0a6-166541233486ee7591-2":{"type":"view-product-link","settings":{"text":"Buy"}}},"block_order":["template--16182186475751__66e28412-4364-46bd-96f8-a37e19b5c0a6-166541233486ee7591-0","template--16182186475751__66e28412-4364-46bd-96f8-a37e19b5c0a6-166541233486ee7591-1","template--16182186475751__66e28412-4364-46bd-96f8-a37e19b5c0a6-166541233486ee7591-2"],"settings":{"product":"kirlia-ex-delta-species","gallery_aspect_ratio":"natural","gallery_image_crop":false,"gallery_thumbnail_position":"below","gallery_video_autoplay":true,"gallery_video_looping":true,"gallery_hover_zoom":"disabled"}},"2754cfc5-1cfe-47f4-b9ff-eef6646fb719":{"type":"dynamic-featured-collection","settings":{"title":"2006 Ex Crystal Guardians","layout":"grid","collection":"v-full-alt-art-character-rare","product_count":5,"cta_label":"Shop collection","cta_button_style":"primary"}},"4fe2fd34-638a-4adb-b3db-5c9abacf7bc5":{"type":"dynamic-featured-product","blocks":{"template--16182186475751__4fe2fd34-638a-4adb-b3db-5c9abacf7bc5-166541233486ee7591-0":{"type":"title","settings":{}},"template--16182186475751__4fe2fd34-638a-4adb-b3db-5c9abacf7bc5-166541233486ee7591-1":{"type":"price","settings":{}},"template--16182186475751__4fe2fd34-638a-4adb-b3db-5c9abacf7bc5-166541233486ee7591-2":{"type":"view-product-link","settings":{"text":"Buy"}}},"block_order":["template--16182186475751__4fe2fd34-638a-4adb-b3db-5c9abacf7bc5-166541233486ee7591-0","template--16182186475751__4fe2fd34-638a-4adb-b3db-5c9abacf7bc5-166541233486ee7591-1","template--16182186475751__4fe2fd34-638a-4adb-b3db-5c9abacf7bc5-166541233486ee7591-2"],"settings":{"product":"electrike-52-100-ex-crystal-guardians-holo-bleed","gallery_aspect_ratio":"natural","gallery_image_crop":false,"gallery_thumbnail_position":"below","gallery_video_autoplay":true,"gallery_video_looping":true,"gallery_hover_zoom":"disabled"}},"6834de9f-1392-49c6-8ebd-9cdd044f232e":{"type":"dynamic-featured-collection","settings":{"title":"2006b Ex Holon Phantoms","layout":"grid","collection":"ex-holon-phantoms","product_count":5,"cta_label":"Shop collection","cta_button_style":"primary"}},"3d5bf18d-90a8-4565-8455-a05392a6a9ea":{"type":"dynamic-featured-product","blocks":{"template--16182186475751__3d5bf18d-90a8-4565-8455-a05392a6a9ea-166541233486ee7591-0":{"type":"title","settings":{}},"template--16182186475751__3d5bf18d-90a8-4565-8455-a05392a6a9ea-166541233486ee7591-1":{"type":"price","settings":{}},"template--16182186475751__3d5bf18d-90a8-4565-8455-a05392a6a9ea-166541233486ee7591-2":{"type":"view-product-link","settings":{"text":"Buy"}}},"block_order":["template--16182186475751__3d5bf18d-90a8-4565-8455-a05392a6a9ea-166541233486ee7591-0","template--16182186475751__3d5bf18d-90a8-4565-8455-a05392a6a9ea-166541233486ee7591-1","template--16182186475751__3d5bf18d-90a8-4565-8455-a05392a6a9ea-166541233486ee7591-2"],"settings":{"product":"phanpy-ex-holon-phantoms","gallery_aspect_ratio":"natural","gallery_image_crop":false,"gallery_thumbnail_position":"below","gallery_video_autoplay":true,"gallery_video_looping":true,"gallery_hover_zoom":"disabled"}},"37b9e3b5-6d3d-4728-ad8f-30ffe3e91842":{"type":"dynamic-featured-collection","settings":{"title":"Ex","layout":"grid","collection":"ex-cards","product_count":5,"cta_label":"Shop collection","cta_button_style":"primary"}},"3cc7d509-dc80-43cf-8371-05d953cfbd2a":{"type":"dynamic-featured-product","blocks":{"template--16182186475751__3cc7d509-dc80-43cf-8371-05d953cfbd2a-166541233486ee7591-0":{"type":"title","settings":{}},"template--16182186475751__3cc7d509-dc80-43cf-8371-05d953cfbd2a-166541233486ee7591-1":{"type":"price","settings":{}},"template--16182186475751__3cc7d509-dc80-43cf-8371-05d953cfbd2a-166541233486ee7591-2":{"type":"view-product-link","settings":{"text":"Buy"}}},"block_order":["template--16182186475751__3cc7d509-dc80-43cf-8371-05d953cfbd2a-166541233486ee7591-0","template--16182186475751__3cc7d509-dc80-43cf-8371-05d953cfbd2a-166541233486ee7591-1","template--16182186475751__3cc7d509-dc80-43cf-8371-05d953cfbd2a-166541233486ee7591-2"],"settings":{"product":"lugia-ex-unseen-forces-105-115","gallery_aspect_ratio":"natural","gallery_image_crop":false,"gallery_thumbnail_position":"below","gallery_video_autoplay":true,"gallery_video_looping":true,"gallery_hover_zoom":"replace"}},"365b7c3d-3687-4e29-95b2-450029e1bd58":{"type":"dynamic-featured-collection","settings":{"title":"2007 Diamond & Pearl","layout":"grid","collection":"diamond-and-pearl","product_count":5,"cta_label":"Shop collection","cta_button_style":"primary"}},"3c0f41fe-e642-482f-85c0-2b531ed2b4a3":{"type":"dynamic-featured-product","blocks":{"template--16182186475751__3c0f41fe-e642-482f-85c0-2b531ed2b4a3-166541233486ee7591-0":{"type":"title","settings":{}},"template--16182186475751__3c0f41fe-e642-482f-85c0-2b531ed2b4a3-166541233486ee7591-1":{"type":"price","settings":{}},"template--16182186475751__3c0f41fe-e642-482f-85c0-2b531ed2b4a3-166541233486ee7591-2":{"type":"view-product-link","settings":{"text":"Buy"}}},"block_order":["template--16182186475751__3c0f41fe-e642-482f-85c0-2b531ed2b4a3-166541233486ee7591-0","template--16182186475751__3c0f41fe-e642-482f-85c0-2b531ed2b4a3-166541233486ee7591-1","template--16182186475751__3c0f41fe-e642-482f-85c0-2b531ed2b4a3-166541233486ee7591-2"],"settings":{"product":"gallade-6-132-w-swirl-holo-bleed","gallery_aspect_ratio":"natural","gallery_image_crop":false,"gallery_thumbnail_position":"below","gallery_video_autoplay":true,"gallery_video_looping":true,"gallery_hover_zoom":"disabled"}},"c6590d24-0c7c-4d57-ac0f-062fb2ffd62e":{"type":"dynamic-collection-list","blocks":{"template--16182186475751__c6590d24-0c7c-4d57-ac0f-062fb2ffd62e-166541233067425c89-0":{"type":"collection","settings":{"collection":"1999-wotc-cards","title":""}},"template--16182186475751__c6590d24-0c7c-4d57-ac0f-062fb2ffd62e-166541233067425c89-1":{"type":"collection","settings":{"collection":"2005-6-ex-delta-species","title":""}},"template--16182186475751__c6590d24-0c7c-4d57-ac0f-062fb2ffd62e-166541233067425c89-2":{"type":"collection","settings":{"collection":"v-full-alt-art-character-rare","title":""}},"template--16182186475751__c6590d24-0c7c-4d57-ac0f-062fb2ffd62e-166541233067425c89-3":{"type":"collection","settings":{"collection":"ex-holon-phantoms","title":""}},"template--16182186475751__c6590d24-0c7c-4d57-ac0f-062fb2ffd62e-166541233067425c89-4":{"type":"collection","settings":{"collection":"ex-cards","title":""}},"0f068909-de36-4e83-bb92-22308b0672bb":{"type":"collection","settings":{"collection":"diamond-and-pearl","title":""}}},"block_order":["template--16182186475751__c6590d24-0c7c-4d57-ac0f-062fb2ffd62e-166541233067425c89-0","template--16182186475751__c6590d24-0c7c-4d57-ac0f-062fb2ffd62e-166541233067425c89-1","template--16182186475751__c6590d24-0c7c-4d57-ac0f-062fb2ffd62e-166541233067425c89-2","template--16182186475751__c6590d24-0c7c-4d57-ac0f-062fb2ffd62e-166541233067425c89-3","template--16182186475751__c6590d24-0c7c-4d57-ac0f-062fb2ffd62e-166541233067425c89-4","0f068909-de36-4e83-bb92-22308b0672bb"],"settings":{"title":"Vintage Pokémon Cards","thumbnail_columns_desktop":5,"thumbnail_columns_mobile":2,"image-crop":"original","cta_label":"","cta_link":"","cta_button_style":"primary"}},"main":{"type":"static-collection","blocks":{"filter-1":{"type":"filter","settings":{"filter_option":"faceted","filter_groups":"expand_all","show_filter_product_count":true,"filter_style":"tags","filter_limit":"999","grid_categories":"","custom_ordered_categories":"","custom_ordered_tags":"","excluded_tags":"","excluded_groups":""}},"7f238221-85b8-4661-b533-3a50841cf745":{"type":"menu","settings":{"menu":"sidebar-menu-holotrout","show_prod_count":true,"menu_depth_range":1}}},"block_order":["filter-1","7f238221-85b8-4661-b533-3a50841cf745"],"settings":{"show_collection_image":true,"products_per_page_range":36,"products_per_row":"4","sort_by":true,"grid_list":true,"default_view":"grid-view","enable_subcollection":true,"show_product_count":true,"thumbnail_image":"product-image","image_crop":"original"}}},"order":["a1e0d413-323a-4596-afe5-0bba36461fc9","static-recently-viewed","1ff844b9-825d-4fc4-992e-59fa3d8a6ae7","c0a5de3d-0ebb-4910-bdb9-a7e00b69c15c","dc1d1889-931a-4fba-9b15-02f7db83231a","66e28412-4364-46bd-96f8-a37e19b5c0a6","2754cfc5-1cfe-47f4-b9ff-eef6646fb719","4fe2fd34-638a-4adb-b3db-5c9abacf7bc5","6834de9f-1392-49c6-8ebd-9cdd044f232e","3d5bf18d-90a8-4565-8455-a05392a6a9ea","37b9e3b5-6d3d-4728-ad8f-30ffe3e91842","3cc7d509-dc80-43cf-8371-05d953cfbd2a","365b7c3d-3687-4e29-95b2-450029e1bd58","3c0f41fe-e642-482f-85c0-2b531ed2b4a3","c6590d24-0c7c-4d57-ac0f-062fb2ffd62e","main"]}