{"sections":{"1663878573b4fca4d9":{"type":"dynamic-logo-list","blocks":{"166387857349f4ecae-0":{"type":"logo","settings":{"image":"shopify:\/\/shop_images\/C5ACBE4C-2986-4847-B758-9B30687B101E.jpg","link":"https:\/\/www.instagram.com\/holotrout\/"}},"166387857349f4ecae-1":{"type":"logo","settings":{"image":"shopify:\/\/shop_images\/81268A63-AC2C-4929-9D87-3449C747CD06.jpg","link":"https:\/\/www.youtube.com\/channel\/UCPJ00DjPa6kfWox1CA8n4RQ"}},"166387857349f4ecae-2":{"type":"logo","settings":{"image":"shopify:\/\/shop_images\/4EDCC14E-D752-46D0-B194-A99F75E48FE4.jpg","link":"https:\/\/www.tiktok.com\/@holotrout"}}},"block_order":["166387857349f4ecae-0","166387857349f4ecae-1","166387857349f4ecae-2"],"settings":{"title":""}},"f61ec811-0646-4160-912f-80ea4d0d235e":{"type":"dynamic-search","settings":{"title":"","text":"","placeholder":"Holotrout Mobile iOS Shop","filter_search_by":"tag","enable_live_search":true,"enable_live_search_images":true,"enable_live_search_articles_pages":true,"image":"shopify:\/\/shop_images\/CE80DF6C-1F72-420E-B492-61593DC7BC93.png","position":"center-center","show-overlay":false,"color":"#ffffff","background":"#000000","opacity":100}},"1663879430731524c7":{"type":"apps","blocks":{"9e4f99aa-0d0b-471f-a925-16ec7505588c":{"type":"shopify:\/\/apps\/instafeed-instagram-feed\/blocks\/app-block\/c447db20-095d-4a10-9725-b5977662c9d5","settings":{"heading_size":20,"feed_width":100,"html_area":"<div id=\"feed-18758\" class=\"instafeed-shopify\"><\/div>"}}},"block_order":["9e4f99aa-0d0b-471f-a925-16ec7505588c"],"settings":{"include_padding":false}},"e2cd8e9c-3026-41d4-a970-a2f374571d84":{"type":"dynamic-collection-list","blocks":{"template--16182186606823__e2cd8e9c-3026-41d4-a970-a2f374571d84-166538352758a6bec7-1":{"type":"collection","settings":{"collection":"v","title":""}},"template--16182186606823__e2cd8e9c-3026-41d4-a970-a2f374571d84-166538352758a6bec7-0":{"type":"collection","settings":{"collection":"2021-celebrations","title":""}},"38f8aa6c-38c4-4d61-b665-19786bf00bf9":{"type":"collection","settings":{"collection":"vmax","title":""}},"template--16182186606823__e2cd8e9c-3026-41d4-a970-a2f374571d84-166538352758a6bec7-2":{"type":"collection","settings":{"collection":"2022-lost-origin","title":""}},"template--16182186606823__e2cd8e9c-3026-41d4-a970-a2f374571d84-166538352758a6bec7-3":{"type":"collection","settings":{"collection":"2022-pokemon-go-set","title":""}},"template--16182186606823__e2cd8e9c-3026-41d4-a970-a2f374571d84-166538352758a6bec7-4":{"type":"collection","settings":{"collection":"2022-astral-radiance","title":""}},"cc641dfa-d86e-4bfa-b728-3a20b00c6ae4":{"type":"collection","settings":{"collection":"gold-rare-s","title":""}},"051039bd-035b-4f46-a807-a45d3eb3af13":{"type":"collection","settings":{"collection":"vstar","title":""}},"1494c846-8e67-42c5-8822-5cadca3e5c1f":{"type":"collection","settings":{"collection":"rainbow-rare-s","title":""}}},"block_order":["template--16182186606823__e2cd8e9c-3026-41d4-a970-a2f374571d84-166538352758a6bec7-1","template--16182186606823__e2cd8e9c-3026-41d4-a970-a2f374571d84-166538352758a6bec7-0","38f8aa6c-38c4-4d61-b665-19786bf00bf9","template--16182186606823__e2cd8e9c-3026-41d4-a970-a2f374571d84-166538352758a6bec7-2","template--16182186606823__e2cd8e9c-3026-41d4-a970-a2f374571d84-166538352758a6bec7-3","template--16182186606823__e2cd8e9c-3026-41d4-a970-a2f374571d84-166538352758a6bec7-4","cc641dfa-d86e-4bfa-b728-3a20b00c6ae4","051039bd-035b-4f46-a807-a45d3eb3af13","1494c846-8e67-42c5-8822-5cadca3e5c1f"],"settings":{"title":"Modern Pokémon Cards","thumbnail_columns_desktop":6,"thumbnail_columns_mobile":3,"image-crop":"original","cta_label":"","cta_link":"shopify:\/\/collections\/modern-pokemon-cards","cta_button_style":"primary"}},"1665378559e792d2f1":{"type":"apps","blocks":{"a58fbe0e-c552-4cf1-a550-d32b3e782de4":{"type":"shopify:\/\/apps\/instafeed-instagram-feed\/blocks\/app-block\/c447db20-095d-4a10-9725-b5977662c9d5","settings":{"heading_size":20,"feed_width":70,"html_area":"<div id=\"feed-21499\" class=\"instafeed-shopify\"><\/div>"}}},"block_order":["a58fbe0e-c552-4cf1-a550-d32b3e782de4"],"settings":{"include_padding":true}},"16641701449628522c":{"type":"dynamic-promo-grid","blocks":{"16641701430ae6d3c9-0":{"type":"promotion","settings":{"image":"shopify:\/\/shop_images\/999EC4A2-B931-4EA3-A65A-BDDACF172D02.jpg","background_position":"center-center","title":"","text":"","color":"#ff0000","block_link":"shopify:\/\/collections\/2022-lost-origin","button_text":"","button_style":"primary","show_overlay":false,"background":"#ffffff","opacity":1}}},"block_order":["16641701430ae6d3c9-0"],"settings":{"title":"","section_height":"small","section_columns":2,"text_alignment":"bottom-center"}},"166427225821a3dd21":{"type":"apps","blocks":{"e4ca1c0a-16e2-4fcf-9886-15096848dfa1":{"type":"shopify:\/\/apps\/instafeed-instagram-feed\/blocks\/app-block\/c447db20-095d-4a10-9725-b5977662c9d5","settings":{"heading_size":20,"feed_width":100,"html_area":"<div id=\"feed-21442\" class=\"instafeed-shopify\"><\/div>"}}},"block_order":["e4ca1c0a-16e2-4fcf-9886-15096848dfa1"],"settings":{"include_padding":true}},"cf0ad72c-ab79-41a2-aecb-42c4d1ef8aef":{"type":"dynamic-featured-product","blocks":{"template--16182186606823__cf0ad72c-ab79-41a2-aecb-42c4d1ef8aef-166542281849b08f18-0":{"type":"title","disabled":true,"settings":{}},"template--16182186606823__cf0ad72c-ab79-41a2-aecb-42c4d1ef8aef-166542281849b08f18-1":{"type":"price","settings":{}},"template--16182186606823__cf0ad72c-ab79-41a2-aecb-42c4d1ef8aef-166542281849b08f18-2":{"type":"view-product-link","settings":{"text":"Buy"}}},"block_order":["template--16182186606823__cf0ad72c-ab79-41a2-aecb-42c4d1ef8aef-166542281849b08f18-0","template--16182186606823__cf0ad72c-ab79-41a2-aecb-42c4d1ef8aef-166542281849b08f18-1","template--16182186606823__cf0ad72c-ab79-41a2-aecb-42c4d1ef8aef-166542281849b08f18-2"],"settings":{"product":"centiskorch-vmax-tg15-tg30-holo-2022-pokemon-card","gallery_aspect_ratio":"natural","gallery_image_crop":true,"gallery_thumbnail_position":"below","gallery_video_autoplay":false,"gallery_video_looping":true,"gallery_hover_zoom":"replace"}},"16641676022ab5e155":{"type":"dynamic-promo-grid","blocks":{"1664167602a5eddb74-0":{"type":"promotion","settings":{"image":"shopify:\/\/shop_images\/D8213292-C24C-48C8-AEE3-827DC20166CA.jpg","background_position":"center-center","title":"","text":"","color":"#ff0000","block_link":"shopify:\/\/collections\/2021-celebrations-insta","button_text":"","button_style":"primary","show_overlay":true,"background":"","opacity":1}}},"block_order":["1664167602a5eddb74-0"],"settings":{"title":"","section_height":"small","section_columns":3,"text_alignment":"top-center"}},"1661434650dc9fe13d":{"type":"apps","blocks":{"332734ac-70f9-4fd0-b7b7-5bb0a2ce9fab":{"type":"shopify:\/\/apps\/instafeed-instagram-feed\/blocks\/app-block\/c447db20-095d-4a10-9725-b5977662c9d5","settings":{"heading_size":20,"feed_width":100,"html_area":"<div id=\"feed-18915\" class=\"instafeed-shopify\"><\/div>"}}},"block_order":["332734ac-70f9-4fd0-b7b7-5bb0a2ce9fab"],"settings":{"include_padding":true}},"166416941443f5275d":{"type":"dynamic-promo-grid","blocks":{"16641694144691d4e7-0":{"type":"promotion","settings":{"image":"shopify:\/\/shop_images\/B4B7748B-5D34-4926-A9A3-8871602E080B.jpg","background_position":"center-center","title":"","text":"","color":"#ff0000","block_link":"shopify:\/\/collections\/v","button_text":"","button_style":"primary","show_overlay":false,"background":"","opacity":50}}},"block_order":["16641694144691d4e7-0"],"settings":{"title":"","section_height":"small","section_columns":2,"text_alignment":"center-center"}},"1664218992af13fc2c":{"type":"apps","blocks":{"2437d230-0fd2-4301-b679-3fbddda366cc":{"type":"shopify:\/\/apps\/instafeed-instagram-feed\/blocks\/app-block\/c447db20-095d-4a10-9725-b5977662c9d5","settings":{"heading_size":20,"feed_width":100,"html_area":"<div id=\"feed-18757\" class=\"instafeed-shopify\"><\/div>"}}},"block_order":["2437d230-0fd2-4301-b679-3fbddda366cc"],"settings":{"include_padding":true}},"ced2fc90-ed4d-4b28-b935-82da20d9eb02":{"type":"dynamic-collection-list","blocks":{"template--16182186606823__ced2fc90-ed4d-4b28-b935-82da20d9eb02-166538352758a6bec7-1":{"type":"collection","settings":{"collection":"1999-wotc-cards","title":""}},"template--16182186606823__ced2fc90-ed4d-4b28-b935-82da20d9eb02-166538352758a6bec7-3":{"type":"collection","settings":{"collection":"diamond-and-pearl","title":""}},"template--16182186606823__ced2fc90-ed4d-4b28-b935-82da20d9eb02-166538352758a6bec7-2":{"type":"collection","settings":{"collection":"v-full-alt-art-character-rare","title":""}},"template--16182186606823__ced2fc90-ed4d-4b28-b935-82da20d9eb02-166538352758a6bec7-0":{"type":"collection","settings":{"collection":"2005-6-ex-delta-species","title":""}},"template--16182186606823__ced2fc90-ed4d-4b28-b935-82da20d9eb02-166538352758a6bec7-4":{"type":"collection","settings":{"collection":"holo-bleed","title":""}},"25cf0509-ee2f-40ab-afe5-eddddbabdf59":{"type":"collection","settings":{"collection":"cards-w-swirls","title":""}}},"block_order":["template--16182186606823__ced2fc90-ed4d-4b28-b935-82da20d9eb02-166538352758a6bec7-1","template--16182186606823__ced2fc90-ed4d-4b28-b935-82da20d9eb02-166538352758a6bec7-3","template--16182186606823__ced2fc90-ed4d-4b28-b935-82da20d9eb02-166538352758a6bec7-2","template--16182186606823__ced2fc90-ed4d-4b28-b935-82da20d9eb02-166538352758a6bec7-0","template--16182186606823__ced2fc90-ed4d-4b28-b935-82da20d9eb02-166538352758a6bec7-4","25cf0509-ee2f-40ab-afe5-eddddbabdf59"],"settings":{"title":"⬇️ Vintage Pokémon TCG ⬇️","thumbnail_columns_desktop":4,"thumbnail_columns_mobile":3,"image-crop":"original","cta_label":"","cta_link":"","cta_button_style":"primary"}},"1664185886b87709df":{"type":"apps","blocks":{"774c5152-0495-443b-b4dc-69a28476091a":{"type":"shopify:\/\/apps\/instafeed-instagram-feed\/blocks\/app-block\/c447db20-095d-4a10-9725-b5977662c9d5","settings":{"heading_size":20,"feed_width":100,"html_area":"<div id=\"feed-20182\" class=\"instafeed-shopify\"><\/div>"}}},"block_order":["774c5152-0495-443b-b4dc-69a28476091a"],"settings":{"include_padding":true}},"166417092507e11c16":{"type":"dynamic-promo-grid","blocks":{"166417092461007b17-0":{"type":"promotion","settings":{"image":"shopify:\/\/shop_images\/35BB3192-28D5-4E55-AF1C-A6BC0577AC99.jpg","background_position":"center-center","title":"","text":"","color":"#ff0000","block_link":"shopify:\/\/collections\/1999-wotc","button_text":"","button_style":"primary","show_overlay":false,"background":"","opacity":5}}},"block_order":["166417092461007b17-0"],"settings":{"title":"","section_height":"small","section_columns":2,"text_alignment":"top-center"}},"166417193104ae0e2a":{"type":"apps","blocks":{"b2622271-bc59-4d37-84b1-23b9c8af2453":{"type":"shopify:\/\/apps\/instafeed-instagram-feed\/blocks\/app-block\/c447db20-095d-4a10-9725-b5977662c9d5","settings":{"heading_size":20,"feed_width":100,"html_area":"<div id=\"feed-17533\" class=\"instafeed-shopify\"><\/div>"}}},"block_order":["b2622271-bc59-4d37-84b1-23b9c8af2453"],"settings":{"include_padding":true}},"95b6fbba-df9b-4f94-893e-1446258a78e5":{"type":"dynamic-featured-product","blocks":{"template--16182186606823__95b6fbba-df9b-4f94-893e-1446258a78e5-16654343069ed5aa86-0":{"type":"title","disabled":true,"settings":{}},"template--16182186606823__95b6fbba-df9b-4f94-893e-1446258a78e5-16654343069ed5aa86-1":{"type":"price","settings":{}},"template--16182186606823__95b6fbba-df9b-4f94-893e-1446258a78e5-16654343069ed5aa86-2":{"type":"view-product-link","settings":{"text":"Buy"}}},"block_order":["template--16182186606823__95b6fbba-df9b-4f94-893e-1446258a78e5-16654343069ed5aa86-0","template--16182186606823__95b6fbba-df9b-4f94-893e-1446258a78e5-16654343069ed5aa86-1","template--16182186606823__95b6fbba-df9b-4f94-893e-1446258a78e5-16654343069ed5aa86-2"],"settings":{"product":"1st-edition-typhlosion-1999-neo-genesis-pokemon-card","gallery_aspect_ratio":"natural","gallery_image_crop":true,"gallery_thumbnail_position":"below","gallery_video_autoplay":true,"gallery_video_looping":true,"gallery_hover_zoom":"disabled"}},"1664172114e4bbd1ca":{"type":"dynamic-promo-grid","blocks":{"1664172114c5703dc6-0":{"type":"promotion","settings":{"image":"shopify:\/\/shop_images\/160F6EF8-8E59-44D8-9783-B989FE78ABFF.jpg","background_position":"center-center","title":"","text":"","color":"#ff0000","block_link":"shopify:\/\/collections\/ex-delta-species","button_text":"","button_style":"primary","show_overlay":false,"background":"","opacity":50}}},"block_order":["1664172114c5703dc6-0"],"settings":{"title":"","section_height":"small","section_columns":2,"text_alignment":"center-center"}},"1664173041cfa7987f":{"type":"apps","blocks":{"e163e7e4-6bb1-4374-bc0d-710d9464b4e3":{"type":"shopify:\/\/apps\/instafeed-instagram-feed\/blocks\/app-block\/c447db20-095d-4a10-9725-b5977662c9d5","settings":{"heading_size":20,"feed_width":100,"html_area":"<div id=\"feed-19933\" class=\"instafeed-shopify\"><\/div>"}}},"block_order":["e163e7e4-6bb1-4374-bc0d-710d9464b4e3"],"settings":{"include_padding":true}},"1659026911cfe4b385":{"type":"apps","settings":{"include_padding":true}},"1664171893a12361b9":{"type":"dynamic-promo-grid","blocks":{"1664171893360d7b0b-0":{"type":"promotion","settings":{"image":"shopify:\/\/shop_images\/913E10EC-BE5E-4DCC-8E43-4B4438A8D29B.jpg","background_position":"bottom-center","title":"","text":"","color":"#ff0000","block_link":"shopify:\/\/collections\/diamond-and-pearl","button_text":"","button_style":"primary","show_overlay":false,"background":"","opacity":50}}},"block_order":["1664171893360d7b0b-0"],"settings":{"title":"","section_height":"small","section_columns":2,"text_alignment":"top-center"}},"16616568897fba8c85":{"type":"instafeed","settings":{"heading_size":20,"feed_width":100,"html_area":"<div id=\"feed-20877\" class=\"instafeed-shopify\"><\/div>"}},"166205130516676ba4":{"type":"dynamic-testimonials","blocks":{"166205130526fb8290-1":{"type":"testimonial","settings":{"image":"shopify:\/\/shop_images\/0CD02E9B-B988-45FF-8A03-E30AF1A0F1A1.png","star_rating":"5","text":"<p>\"Very punctual and very professional. They look out for the collectors !\"<\/p>","author":"<p><em><strong>- Tyler Hatche<\/strong><\/em><\/p>"}},"0eabdee3-ddac-49da-ae0a-9aa5b11cfc0f":{"type":"testimonial","settings":{"image":"shopify:\/\/shop_images\/EDCEACAC-B21C-43E3-9D20-E5A689EC41CC.png","star_rating":"5","text":"<p><em><strong>“…. I think I have found my favorite shop to buy from!!! I received free Holo Mew’s as well :)<\/strong><\/em><\/p>","author":"<p>-Sanam Geranmayeh✔<\/p>"}},"166205130526fb8290-2":{"type":"testimonial","settings":{"image":"shopify:\/\/shop_images\/B6927DFF-1531-4D8F-8898-FD808D7383C6.png","star_rating":"5","text":"","author":"<p>-Alex Byrne✔<\/p>"}},"166205130526fb8290-0":{"type":"testimonial","settings":{"image":"shopify:\/\/shop_images\/956BD85B-C530-4799-80B0-8D9A14D6EDA1.png","star_rating":"4.5","text":"<p><em><strong>\"Delivery time took a while but otherwise everything is adequite!\"<\/strong><\/em><\/p>","author":"<p>-Alex Byrne <\/p>"}},"9f7c06ca-d4a0-44b2-9e6c-c0f6cbc235dc":{"type":"testimonial","settings":{"image":"shopify:\/\/shop_images\/97DA3379-C837-481F-BD3E-EA86207B15C7.png","star_rating":"5","text":"","author":"<p>-Alex Byrne✔<\/p>"}}},"block_order":["166205130526fb8290-1","0eabdee3-ddac-49da-ae0a-9aa5b11cfc0f","166205130526fb8290-2","166205130526fb8290-0","9f7c06ca-d4a0-44b2-9e6c-c0f6cbc235dc"],"settings":{"title":"4.8\/5⭐️","image_crop":"original","text_size":"large"}},"7aabe285-d83c-478c-aee4-b3f7ae2467ca":{"type":"dynamic-video","settings":{"title":"Holotrout","url":"","show_caption":false,"caption":"<p>A short description of the video.<\/p>","autoplay":false,"aspect_ratio":"16-9","position":"center-center","show_overlay":false,"background":"#000000","opacity":50}}},"order":["1663878573b4fca4d9","f61ec811-0646-4160-912f-80ea4d0d235e","1663879430731524c7","e2cd8e9c-3026-41d4-a970-a2f374571d84","1665378559e792d2f1","16641701449628522c","166427225821a3dd21","cf0ad72c-ab79-41a2-aecb-42c4d1ef8aef","16641676022ab5e155","1661434650dc9fe13d","166416941443f5275d","1664218992af13fc2c","ced2fc90-ed4d-4b28-b935-82da20d9eb02","1664185886b87709df","166417092507e11c16","166417193104ae0e2a","95b6fbba-df9b-4f94-893e-1446258a78e5","1664172114e4bbd1ca","1664173041cfa7987f","1659026911cfe4b385","1664171893a12361b9","16616568897fba8c85","166205130516676ba4","7aabe285-d83c-478c-aee4-b3f7ae2467ca"]}