{"sections":{"main":{"type":"static-product","blocks":{"title":{"type":"title","settings":{}},"vendor":{"type":"vendor","settings":{}},"rating":{"type":"rating","settings":{}},"price":{"type":"price","settings":{}},"description":{"type":"description","settings":{}},"form":{"type":"form","settings":{}},"share":{"type":"share","settings":{}},"loox-rating":{"type":"shopify:\/\/apps\/loox-product-reviews-photos\/blocks\/loox-rating\/5c3b337f-fd14-4df5-b1d6-80ec13e6e28e","settings":{}}},"block_order":["title","vendor","rating","price","loox-rating","description","form","share"],"settings":{}},"recommendations":{"type":"static-product-recommendations","settings":{"show_product_recommendations":true}},"recently-viewed":{"type":"static-recently-viewed","settings":{"enable_recently_viewed_products":true}},"loox-product-reviews-app-section":{"type":"apps","blocks":{"loox-product-reviews":{"type":"shopify:\/\/apps\/loox-product-reviews-photos\/blocks\/loox-dynamic-section\/5c3b337f-fd14-4df5-b1d6-80ec13e6e28e","settings":{"only_photos":false,"aggregated":false,"hide_thumbnails":false,"maxwidth":1080}}},"block_order":["loox-product-reviews"],"settings":{}}},"order":["main","recommendations","recently-viewed","loox-product-reviews-app-section"]}