{"current":{"color_background":"#ffffff","color_headings":"#0031ff","color_text":"#0031ff","color_text_light":"#05b8ff","color_links":"#0031ff","color_button_background":"#0031ff","color_button_text":"#ffffff","color_button_secondary_background":"#0f9c1d","color_button_secondary_text":"#ffffff","color_button_secondary_border":"#000000","color_header_background":"#ff0000","color_header_text":"#ffffff","color_input_text":"#000000","color_input_background":"#bfebfd","color_input_border":"#0031ff","color_product_sale_accent":"#00ff11","color_product_review_star":"#e98a11","color_products_in_stock":"#2a622e","color_products_low_stock":"#d85f1a","color_products_no_stock":"#800f15","color_footer_background":"#ff0000","color_footer_text":"#ffffff","color_overlay":"#ddf4fd","overlay_opacity":0,"type_size_base":16,"type_heading":"merriweather_sans_n4","type_heading_size":"1.2","type_heading_capitalize":false,"type_heading_spacing":-3,"type_body":"montserrat_n4","type_menu":"montserrat_n4","type_menu_capitalize":false,"type_menu_spacing":-3,"type_button":"montserrat_n4","type_button_capitalize":false,"type_button_spacing":-2,"type_section":"montserrat_n8","type_section_capitalize":false,"type_section_spacing":0,"layout_max_width":1600,"product_sales_badge":true,"product_sales_badge_style":"text","inventory_display":"all_products","low_stock_threshold":2,"product_option_style":"select","sold_out_options":"hidden","select_first_available_variant":true,"enable_cart_redirection":true,"swatches_enable":true,"swatches_product_card_size":32,"swatches_product_page_size":64,"swatches_swatch_trigger":"Color","swatches_shape":"circle","swatches_option_style":"variant_image","swatches_custom_colors":"","product_show_vendor":true,"product_ratings_star_display":true,"product_grid_emphasize_price":true,"product_grid_show_atc":"always","product_grid_show_second_image":true,"product_grid_image_style":"natural","enable_product_compare":true,"social_email":"theholotrout@gmail.com","social_facebook":"https:\/\/www.facebook.com\/holotrout","social_instagram":"https:\/\/instagram.com\/holotrout\/shop","social_linkedin":"","social_tiktok":"https:\/\/tiktok.com\/holotrout","social_tumblr":"","social_vimeo":"","social_youtube":"https:\/\/www.youtube.com\/holotrout","favicon":"shopify:\/\/shop_images\/C4614FF4-4AFC-4FAF-96DD-8A6877AD128D_35199cdd-48eb-45b8-8c28-29cad61b9102.jpg","enable_checkout_lock_icon":true,"continue_shopping_url":"shopify:\/\/pages\/homepage","continue_url_cart":true,"continue_url_404":true,"gift_card_logo":"shopify:\/\/shop_images\/C4614FF4-4AFC-4FAF-96DD-8A6877AD128D_35199cdd-48eb-45b8-8c28-29cad61b9102.jpg","checkout_logo_image":"shopify:\/\/shop_images\/C4614FF4-4AFC-4FAF-96DD-8A6877AD128D_35199cdd-48eb-45b8-8c28-29cad61b9102.jpg","checkout_logo_position":"center","checkout_body_background_image":"shopify:\/\/shop_images\/C4614FF4-4AFC-4FAF-96DD-8A6877AD128D_35199cdd-48eb-45b8-8c28-29cad61b9102.jpg","checkout_body_background_color":"#ddf4fd","checkout_sidebar_background_image":"shopify:\/\/shop_images\/C4614FF4-4AFC-4FAF-96DD-8A6877AD128D_35199cdd-48eb-45b8-8c28-29cad61b9102.jpg","checkout_sidebar_background_color":"#ffffff","checkout_body_font":"Open Sans","checkout_accent_color":"#0e993c","checkout_button_color":"#05def9","product_show_sku":false,"product_social_sharing":true,"product_grid_show_quickshop":"always","quickshop_select_first_available_variant":false,"quickshop_show_dcb":true,"product_enable_recently_viewed_products":true,"product_slideshow_style":"natural","gallery_thumbnail_position":"below","enable_image_zoom":false,"image_zoom_level":"min","product_grid_quick_shop":true,"product_grid_quick_buy":true,"social_google":"","show_dcb":false,"product_grid_quick_look":true,"font_body":"Google_Lato_400,400i,700,700i","font_heading":"\"League Spartan\", sans-serif","quickshop_ratings":true,"quickshop_redirect_to_cart":false,"quickshop_sales_badge":true,"quickshop_sales_badge_style":"percentile_save","quickshop_ratings_reviews":true,"quickshop_enable_social_sharing":true,"product_cart_redirect":false,"show_breadcrumbs":true,"quickshop_show_vendor":true,"sections":{"static-header":{"type":"static-header","settings":{"sticky_header":true,"full_width_header":true,"logo":"shopify:\/\/shop_images\/24900106-E118-4603-915C-44492A46EA5E.png","logo_height":50,"logo_width":249,"filter_search_by":"tag","enable_live_search":true,"show_mobile_search_bar":false,"enable_live_search_images":true,"enable_live_search_articles_pages":true,"quick_links":"","menu":"sidebar-menu-holotrout","secondary_menu":"","small_promo_heading":"","small_promo_text":"","small_promo_text_mobile":"","small_promo_link":"","small_promo_icon":"icon-store","image":"shopify:\/\/shop_images\/E0DDD7AD-3633-4834-A1F3-9C7272C3C04C.png","cart_icon":"icon-bag"}},"static-blog":{"type":"static-blog","settings":{"show_rss_link":true,"show_date":true,"show_author":true,"show_excerpt":true,"featured_post":"","posts_per_page_range":9}},"static-footer":{"type":"static-footer","blocks":{"1493171899575":{"type":"social_accounts","settings":{}},"static-footer-1":{"type":"newsletter","settings":{"title":"Log in to Holotrout","text":"<p><strong>Stay up to date with our newest Card Listings, Deals, Content, Community, and Collection updates!<\/strong><\/p>"}}},"block_order":["1493171899575","static-footer-1"],"settings":{"payment_icons":true,"show_locale_selector":true,"show_currency_selector":true,"additional_menu":"footer"}},"static-collection":{"type":"static-collection","blocks":{"1498186879532":{"type":"filter","settings":{}}},"block_order":["1498186879532"],"settings":{"show_collection_image":true,"products_per_page_range":24,"products_per_row":"4","sort_by":true,"grid_list":true,"default_view":"list-view"}},"static-product":{"type":"static-product","settings":{"gallery_aspect_ratio":"natural","gallery_image_crop":false,"gallery_thumbnail_position":"below","gallery_video_autoplay":true,"gallery_video_looping":true,"gallery_hover_zoom":"disabled","gallery_click_to_zoom":"always"}},"static-announcement":{"type":"static-announcement","settings":{"show_announcement":false,"homepage_announcement":true,"announcement_text":"Holotrout 🐟","announcement_text_mobile":"Holotrout Co.🐟","announcement_link":"shopify:\/\/pages\/homepage","announcement_color":"#054cff","announcement_background":"#ffffff"}},"static-product-recommendations":{"type":"static-product-recommendations","settings":{"show_product_recommendations":true}},"static-recently-viewed":{"type":"static-recently-viewed","settings":{"enable_recently_viewed_products":true}},"static-article":{"type":"static-article","settings":{"featured_image_width":"full-width","show_date":true,"show_author":true,"use_share_buttons":true}},"static-list-collections":{"type":"static-list-collections","settings":{"thumbnail_columns_desktop":4,"thumbnail_columns_mobile":3}},"static-utility-bar":{"type":"static-utility-bar","settings":{"enable":false,"use_full_width":true,"background_color":"#e0edf9","link_color":"#ffffff","link_hover_color":"#ffffff","border_color":"#ffffff","menu":"menu","show_menu_mobile":true,"mobile_layout":"below","show_locale_selector":true,"show_currency_selector":true,"show_social_icons":true}}},"content_for_index":[]},"presets":{"Supply":{"color_background":"#ffffff","color_headings":"#1d1d1d","color_text":"#1d1d1d","color_text_light":"#949494","color_links":"#046e82","color_button_background":"#f04f36","color_button_text":"#ffffff","color_button_secondary_background":"#ffffff","color_button_secondary_text":"#f04f36","color_button_secondary_border":"#dddddd","color_header_background":"#ffffff","color_header_text":"#1d1d1d","color_input_text":"#4d4d4d","color_input_background":"#ffffff","color_input_border":"#dddddd","color_product_sale_accent":"#f04f36","color_product_review_star":"#ffab41","color_footer_background":"#f5f3ed","color_footer_text":"#1d1d1d","color_overlay":"#000000","overlay_opacity":50,"type_size_base":16,"type_heading":"montserrat_n8","type_heading_size":"1","type_heading_capitalize":false,"type_heading_spacing":0,"type_body":"nunito_sans_n4","type_menu":"nunito_sans_n7","type_menu_capitalize":false,"type_menu_spacing":0,"type_button":"nunito_sans_n7","type_button_capitalize":false,"type_button_spacing":0,"type_section":"montserrat_n8","type_section_capitalize":false,"type_section_spacing":0,"layout_max_width":1400,"product_show_vendor":true,"product_show_sku":false,"product_option_style":"select","product_sales_badge":true,"product_sales_badge_style":"percent","product_social_sharing":false,"product_ratings_star_display":true,"product_grid_show_second_image":true,"product_grid_emphasize_price":true,"product_grid_image_style":"natural","product_grid_show_quickshop":"always","product_grid_show_atc":"always","quickshop_select_first_available_variant":false,"quickshop_show_dcb":true,"swatches_enable":true,"swatches_swatch_trigger":"Color","swatches_shape":"square","swatches_product_card_size":32,"swatches_product_page_size":64,"swatches_option_style":"color_swatch","swatches_custom_colors":"","social_tumblr":"","social_vimeo":"","social_youtube":"","social_linkedin":"","enable_checkout_lock_icon":false,"continue_shopping_url":"shopify:\/\/collections\/all","continue_url_cart":true,"continue_url_404":true,"product_enable_recently_viewed_products":true,"product_slideshow_style":"natural","gallery_thumbnail_position":"below","enable_image_zoom":false,"image_zoom_level":"min","product_grid_quick_shop":true,"product_grid_quick_buy":true,"social_google":"","show_dcb":false,"product_grid_quick_look":true,"font_body":"Google_Lato_400,400i,700,700i","font_heading":"\"League Spartan\", sans-serif","quickshop_ratings":true,"quickshop_redirect_to_cart":false,"quickshop_sales_badge":true,"quickshop_sales_badge_style":"percentile_save","quickshop_ratings_reviews":true,"quickshop_enable_social_sharing":true,"product_cart_redirect":false,"show_breadcrumbs":true,"quickshop_show_vendor":true,"sections":{"static-header":{"type":"static-header","blocks":{"1517255946962":{"type":"meganav_images","settings":{"position_1":"last","size_1":"medium","position_2":"last","size_2":"medium"}},"ff9e6854-1318-4c95-a027-c4108d1e961d":{"type":"meganav_images","settings":{"position_1":"last","size_1":"medium","position_2":"first","size_2":"small"}}},"block_order":["1517255946962","ff9e6854-1318-4c95-a027-c4108d1e961d"],"settings":{"sticky_header":true,"full_width_header":true,"logo_height":40,"logo_width":150,"filter_search_by":"product_type","enable_live_search":true,"show_mobile_search_bar":false,"enable_live_search_images":true,"enable_live_search_articles_pages":true,"quick_links":""}},"static-footer":{"type":"static-footer","blocks":{"1493171899575":{"type":"social_accounts","settings":{}},"static-footer-0":{"type":"menu","settings":{}},"1498182586280":{"type":"menu","settings":{}},"1498182572847":{"type":"menu","settings":{}},"static-footer-1":{"type":"newsletter","settings":{}}},"block_order":["1493171899575","static-footer-0","1498182586280","1498182572847","static-footer-1"],"settings":{"payment_icons":true,"show_locale_selector":true,"show_currency_selector":true}},"static-collection":{"type":"static-collection","blocks":{"1498186879532":{"type":"filter","settings":{}}},"block_order":["1498186879532"],"settings":{"show_collection_image":true,"products_per_page_range":24,"products_per_row":"4","sort_by":true,"grid_list":true,"default_view":"list-view"}},"static-announcement":{"type":"static-announcement","settings":{"show_announcement":true,"homepage_announcement":false,"announcement_color":"#000000","announcement_background":"#f5f3ed"}}}},"Graphic":{"color_background":"#ffffff","color_headings":"#000000","color_text":"#000000","color_text_light":"#464646","color_links":"#494d41","color_button_background":"#000000","color_button_text":"#ffffff","color_button_secondary_background":"#ffffff","color_button_secondary_text":"#000000","color_button_secondary_border":"#000000","color_header_background":"#ffffff","color_header_text":"#000000","color_input_text":"#4d4d4d","color_input_background":"#ffffff","color_input_border":"#000000","color_product_sale_accent":"#494d41","color_product_review_star":"#000000","color_footer_background":"#ffffff","color_footer_text":"#000000","color_overlay":"#000000","overlay_opacity":50,"type_size_base":16,"type_heading":"goudy_old_style_n4","type_heading_size":"1.2","type_heading_capitalize":false,"type_heading_spacing":0,"type_body":"source_sans_pro_n4","type_menu":"source_sans_pro_n6","type_menu_capitalize":false,"type_menu_spacing":0,"type_button":"source_sans_pro_n4","type_button_capitalize":false,"type_button_spacing":0,"type_section":"goudy_old_style_n4","type_section_capitalize":false,"type_section_spacing":0,"layout_max_width":1400,"product_show_vendor":true,"product_show_sku":false,"product_option_style":"select","product_sales_badge":true,"product_sales_badge_style":"text","product_social_sharing":false,"product_ratings_star_display":true,"product_grid_show_second_image":true,"product_grid_emphasize_price":false,"product_grid_image_style":"natural","product_grid_show_quickshop":"always","product_grid_show_atc":"always","quickshop_select_first_available_variant":false,"quickshop_show_dcb":true,"swatches_enable":true,"swatches_swatch_trigger":"Color","swatches_shape":"square","swatches_product_card_size":32,"swatches_product_page_size":64,"swatches_option_style":"color_swatch","swatches_custom_colors":"","enable_checkout_lock_icon":false,"continue_shopping_url":"shopify:\/\/collections\/all","continue_url_cart":true,"continue_url_404":true,"product_enable_recently_viewed_products":true,"product_slideshow_style":"natural","gallery_thumbnail_position":"below","enable_image_zoom":false,"image_zoom_level":"min","product_grid_quick_shop":true,"product_grid_quick_buy":true,"social_google":"","show_dcb":false,"product_grid_quick_look":true,"font_body":"Google_Lato_400,400i,700,700i","font_heading":"\"League Spartan\", sans-serif","quickshop_ratings":true,"quickshop_redirect_to_cart":false,"quickshop_sales_badge":true,"quickshop_sales_badge_style":"percentile_save","quickshop_ratings_reviews":true,"quickshop_enable_social_sharing":true,"product_cart_redirect":false,"show_breadcrumbs":true,"quickshop_show_vendor":true,"sections":{"static-header":{"type":"static-header","blocks":{"1517255946962":{"type":"meganav_images","settings":{"position_1":"first","size_1":"small","position_2":"first","size_2":"small"}},"1572476394007":{"type":"multi_column_menu","settings":{}}},"block_order":["1517255946962","1572476394007"],"settings":{"sticky_header":false,"full_width_header":false,"logo_height":43,"logo_width":150,"filter_search_by":"disabled","enable_live_search":true,"show_mobile_search_bar":true,"enable_live_search_images":true,"enable_live_search_articles_pages":true,"small_promo_icon":"none"}},"static-blog":{"type":"static-blog","settings":{"show_rss_link":false,"show_date":true,"show_author":true,"show_excerpt":true,"posts_per_page_range":9}},"static-footer":{"type":"static-footer","blocks":{"static-footer-0":{"type":"menu","settings":{}},"1498182586280":{"type":"menu","settings":{}},"1498182572847":{"type":"menu","settings":{}},"1493171899575":{"type":"social_accounts","settings":{}}},"block_order":["static-footer-0","1498182586280","1498182572847","1493171899575"],"settings":{"payment_icons":false,"show_locale_selector":true,"show_currency_selector":true,"additional_menu":""}},"static-collection":{"type":"static-collection","blocks":{"1498186879532":{"type":"filter","settings":{}}},"block_order":["1498186879532"],"settings":{"show_collection_image":true,"products_per_page_range":24,"products_per_row":"4","sort_by":true,"grid_list":true,"default_view":"list-view"}},"static-product":{"type":"static-product","settings":{"gallery_aspect_ratio":"natural","gallery_image_crop":false,"gallery_thumbnail_position":"below","gallery_video_autoplay":true,"gallery_video_looping":true,"gallery_hover_zoom":"disabled","gallery_click_to_zoom":"always"}},"static-announcement":{"type":"static-announcement","settings":{"show_announcement":true,"homepage_announcement":true,"announcement_color":"#ffffff","announcement_background":"#494d41"}},"static-product-recommendations":{"type":"static-product-recommendations","settings":{"show_product_recommendations":true}},"static-recently-viewed":{"type":"static-recently-viewed","settings":{"enable_recently_viewed_products":true}},"static-article":{"type":"static-article","settings":{"featured_image_width":"full-width","show_date":true,"show_author":true,"use_share_buttons":true}}}},"Industrial":{"color_background":"#ffffff","color_headings":"#000000","color_text":"#000000","color_text_light":"#949494","color_links":"#171f2b","color_button_background":"#1268f1","color_button_text":"#ffffff","color_button_secondary_background":"#ffffff","color_button_secondary_text":"#1268f1","color_button_secondary_border":"#dddddd","color_header_background":"#000000","color_header_text":"#ffffff","color_input_text":"#4d4d4d","color_input_background":"#ffffff","color_input_border":"#dddddd","color_product_sale_accent":"#e32619","color_product_review_star":"#171f2b","color_footer_background":"#f7f7f7","color_footer_text":"#000000","color_overlay":"#000000","overlay_opacity":50,"type_size_base":16,"type_heading":"arimo_n7","type_heading_size":"1","type_heading_capitalize":false,"type_heading_spacing":-1,"type_body":"libre_franklin_n4","type_menu":"libre_franklin_n6","type_menu_capitalize":false,"type_menu_spacing":0,"type_button":"libre_franklin_n7","type_button_capitalize":false,"type_button_spacing":0,"type_section":"arimo_n7","type_section_capitalize":false,"type_section_spacing":-1,"layout_max_width":1400,"product_show_vendor":true,"product_show_sku":false,"product_option_style":"select","product_sales_badge":true,"product_sales_badge_style":"money","product_social_sharing":true,"product_ratings_star_display":true,"product_grid_show_second_image":true,"product_grid_emphasize_price":false,"product_grid_image_style":"natural","product_grid_show_quickshop":"always","product_grid_show_atc":"always","quickshop_select_first_available_variant":false,"quickshop_show_dcb":true,"swatches_enable":true,"swatches_swatch_trigger":"Color","swatches_shape":"circle","swatches_product_card_size":32,"swatches_product_page_size":64,"swatches_option_style":"color_swatch","enable_checkout_lock_icon":false,"continue_shopping_url":"shopify:\/\/collections\/all","continue_url_cart":true,"continue_url_404":true,"product_enable_recently_viewed_products":true,"product_slideshow_style":"natural","gallery_thumbnail_position":"below","enable_image_zoom":false,"image_zoom_level":"min","product_grid_quick_shop":true,"product_grid_quick_buy":true,"social_google":"","show_dcb":false,"product_grid_quick_look":true,"font_body":"Google_Lato_400,400i,700,700i","font_heading":"\"League Spartan\", sans-serif","quickshop_ratings":true,"quickshop_redirect_to_cart":false,"quickshop_sales_badge":true,"quickshop_sales_badge_style":"percentile_save","quickshop_ratings_reviews":true,"quickshop_enable_social_sharing":true,"product_cart_redirect":false,"show_breadcrumbs":true,"quickshop_show_vendor":true,"sections":{"static-header":{"type":"static-header","blocks":{"1517255946962":{"type":"meganav_images","settings":{"position_1":"last","size_1":"large","position_2":"first","size_2":"small"}},"1572476394007":{"type":"multi_column_menu","settings":{}}},"block_order":["1517255946962","1572476394007"],"settings":{"sticky_header":true,"full_width_header":false,"logo_height":40,"logo_width":150,"filter_search_by":"disabled","enable_live_search":true,"show_mobile_search_bar":false,"enable_live_search_images":true,"enable_live_search_articles_pages":true,"quick_links":""}},"static-blog":{"type":"static-blog","settings":{"show_rss_link":true,"show_date":true,"show_author":true,"show_excerpt":true,"featured_post":"","posts_per_page_range":9}},"static-footer":{"type":"static-footer","blocks":{"1493171899575":{"type":"social_accounts","settings":{}},"static-footer-0":{"type":"menu","settings":{}},"1498182586280":{"type":"menu","settings":{}},"1498182572847":{"type":"menu","settings":{}},"static-footer-1":{"type":"newsletter","settings":{}}},"block_order":["1493171899575","static-footer-0","1498182586280","1498182572847","static-footer-1"],"settings":{"payment_icons":false,"show_locale_selector":true,"show_currency_selector":true}},"static-collection":{"type":"static-collection","blocks":{"1498186879532":{"type":"filter","settings":{}}},"block_order":["1498186879532"],"settings":{"show_collection_image":true,"products_per_page_range":24,"products_per_row":"4","sort_by":true,"grid_list":true,"default_view":"list-view"}},"static-product":{"type":"static-product","settings":{"gallery_aspect_ratio":"natural","gallery_image_crop":false,"gallery_thumbnail_position":"below","gallery_video_autoplay":true,"gallery_video_looping":true,"gallery_hover_zoom":"disabled","gallery_click_to_zoom":"always"}},"static-announcement":{"type":"static-announcement","settings":{"show_announcement":false,"homepage_announcement":false,"announcement_color":"#ffffff","announcement_background":"#123570"}},"static-product-recommendations":{"type":"static-product-recommendations","settings":{"show_product_recommendations":true}},"static-recently-viewed":{"type":"static-recently-viewed","settings":{"enable_recently_viewed_products":true}},"static-article":{"type":"static-article","settings":{"featured_image_width":"full-width","show_date":true,"show_author":true,"use_share_buttons":true}},"static-list-collections":{"type":"static-list-collections","settings":{"thumbnail_columns_desktop":4,"thumbnail_columns_mobile":3}}}}}}